appearance_id;artista_proyecto;nombre_cancion;aparicion;tipo;titulo_obra;temporada_episodio;pais_obra;lanzamiento_cancion
BLU001;Blur;Badhead;2013;Serie;My Mad Fat Diary;S1/E4;Reino Unido;1994
BLU002;Blur;Beetlebum;2008;Videojuego;Rock Band ;;Estados Unidos;1997
BLU003;Blur;Beetlebum;2015;Serie;My Mad Fat Diary;S3/E2;Reino Unido;1997
BLU004;Blur;Beetlebum;1997;Serie;Daria;S1/E9;Estados Unidos;1997
BLU005;Blur;Brothers and Sisters;2011;Serie;Top Gear (UK);S17/E5;Reino Unido;2003
BLU006;Blur;Chemical World;2014;Serie;My Mad Fat Diary;S2/E3;Reino Unido;1993
BLU007;Blur;Coffee & TV;2007;Videojuego;SingStar;;Reino Unido;1999
BLU008;Blur;Coffee & TV;1999;Pelicula;Cruel Intentions;;Estados Unidos;1999
BLU009;Blur;Coffee & TV;2001;Serie;The Sopranos;S3/E11;Estados Unidos;1999
BLU010;Blur;Coffee & TV;2000;Serie;Daria;S4/E2;Estados Unidos;1999
BLU011;Blur;Country House;2008;Videojuego;SingStar Vol. 2;;Reino Unido;1995
BLU012;Blur;Country House;2015;Serie;My Mad Fat Diary;S3/E1;Reino Unido;1995
BLU013;Blur;Country House;2014;Serie;My Mad Fat Diary;S2/E1;Reino Unido;1995
BLU014;Blur;Country House;2012;Serie;Fresh Meat;S2/E4;Reino Unido;1995
BLU015;Blur;Country House;1998;Serie;Daria;S2/E4;Estados Unidos;1995
BLU016;Blur;Country Sad Ballad Man;2017;Serie;The Replacement;S1/E1;Reino Unido;1997
BLU017;Blur;Crazy Beat;2004;Serie;Gilmore Girls;S4/E11;Estados Unidos;2003
BLU018;Blur;Death of a Party;2023;Pelicula;All of Us Strangers;;Reino Unido;1997
BLU019;Blur;End of a Century;2014;Serie;My Mad Fat Diary;S2/E4;Reino Unido;1994
BLU020;Blur;Far Out;2013;Serie;My Mad Fat Diary;S1/E6;Reino Unido;1994
BLU021;Blur;Girls & Boys;2008;Videojuego;SingStar Summer Party;;Reino Unido;1994
BLU022;Blur;Girls & Boys;2009;Videojuego;Just Dance;;Francia;1994
BLU023;Blur;Girls & Boys;2010;Videojuego;Dance Central ;;Estados Unidos;1994
BLU024;Blur;Girls & Boys;2018;Serie;Derry Girls;S1/E6;Reino Unido;1994
BLU025;Blur;Girls & Boys;2018;Serie;Derry Girls;S1/E4;Reino Unido;1994
BLU026;Blur;Girls & Boys;2013;Serie;My Mad Fat Diary;S1/E3;Reino Unido;1994
BLU027;Blur;Girls & Boys;2011;Serie;Being Erica;S4/E4;Canadá;1994
BLU028;Blur;Girls & Boys;2020;Serie;The A Word;S3/E5;Reino Unido;1994
BLU029;Blur;Girls & Boys;2021;Serie;Alma's Not Normal;S1/E1;Reino Unido;1994
BLU030;Blur;Good Song;2017;Serie;Catastrophe;S3/E6;Reino Unido;2003
BLU031;Blur;Good Song;2011;Serie;Top Gear (UK);S17/E6;Reino Unido;2003
BLU032;Blur;Intermission;2017;Pelicula;Baby Driver;;Reino Unido;1993
BLU033;Blur;It Could Be You;2013;Serie;My Mad Fat Diary;S1/E2;Reino Unido;1995
BLU034;Blur;It Could Be You;2014;Serie;My Mad Fat Diary;S2/E4;Reino Unido;1995
BLU035;Blur;Lonesome Street;2016;Serie;Gilmore Girls A Year in the Life;S1/E2;Estados Unidos;2015
BLU036;Blur;Moroccan Peoples Revolutionary Bowls Club;2011;Serie;Top Gear (UK);S17/E6;Reino Unido;2003
BLU037;Blur;On the Way to the Club;2014;Serie;Top Gear (UK);S21/E1;Reino Unido;2003
BLU038;Blur;On the Way to the Club;2012;Serie;Top Gear (UK);S18/E4;Reino Unido;2003
BLU039;Blur;On Your Own;2000;Pelicula;The Beach;;Reino Unido;1997
BLU040;Blur;Out of Time;2015;Pelicula;American Sniper;;Estados Unidos;2003
BLU041;Blur;Parklife;2006;Videojuego;SingStar Legends;;Reino Unido;1994
BLU042;Blur;Parklife;2007;Videojuego;Thrillville Off the Rails;;Reino Unido;1994
BLU043;Blur;Song 2;2011;Videojuego;Kinect Sports Season Two;;Reino Unido;1994
BLU044;Blur;Parklife;2021;Serie;This Is Pop;S1/E2;Canadá;1994
BLU045;Blur;Parklife;2018;Serie;Love Island (UK);S4/E10;Reino Unido;1994
BLU046;Blur;Parklife;2016;Pelicula;The Brothers Grimsby;;Reino Unido;1994
BLU047;Blur;Popscene;1995;Serie;Beavis and Butt-Head;S5/E21;Estados Unidos;1992
BLU048;Blur;Popscene;2024;Serie;One Day;S1/E6;Reino Unido;1992
BLU049;Blur;She's So High;1997;Pelicula;Nowhere;;Estados Unidos;1991
BLU050;Blur;Sing;2009;Serie;Top Gear (UK);S14/E5;Reino Unido;1991
BLU051;Blur;Sing;2016;Serie;Love Island (UK);S2/E24;Reino Unido;1991
BLU052;Blur;Sing;2014;Serie;My Mad Fat Diary;S2/E2;Reino Unido;1991
BLU053;Blur;Sing;1996;Pelicula;Trainspotting;;Reino Unido;1991
BLU054;Blur;Sing;2008;Serie;Top Gear (UK);S12/E4;Reino Unido;1991
BLU055;Blur;Sing;2023;Serie;Beckham;S1/E4;Reino Unido;1991
BLU056;Blur;Song 2;1997;Videojuego;FIFA Road to World Cup 98;;Canadá;1997
BLU057;Blur;Song 2;2006;Videojuego;SingStar Rocks!;;Reino Unido;1997
BLU058;Blur;Song 2;2009;Videojuego;Guitar Hero 5;;Estados Unidos;1997
BLU059;Blur;Song 2;2009;Videojuego;Lego Rock Band;;Reino Unido;1997
BLU060;Blur;Song 2;2009;Videojuego;Band Hero ;;Estados Unidos;1997
BLU061;Blur;Song 2;2010;Videojuego;Madden NFL 11;;Estados Unidos;1997
BLU062;Blur;Song 2;2010;Videojuego;Just Dance 2 ;;Francia;1997
BLU063;Blur;Song 2;2010;Videojuego;SingStar Guitar;;Reino Unido;1997
BLU064;Blur;Song 2;2011;Videojuego;Madden NFL Football;;Estados Unidos;1997
BLU065;Blur;Song 2;2011;Videojuego;Madden NFL 12;;Estados Unidos;1997
BLU066;Blur;Song 2;2012;Videojuego;Rocksmith;;Estados Unidos;1997
BLU067;Blur;Song 2;2011;Videojuego;Just Dance Summer Party;;Francia;1997
BLU068;Blur;Song 2;2012;Videojuego;Madden NFL 13;;Estados Unidos;1997
BLU069;Blur;Song 2;2013;Videojuego;Saints Row IV;;Estados Unidos;1997
BLU070;Blur;Song 2;2013;Videojuego;Madden NFL 25;;Estados Unidos;1997
BLU071;Blur;Song 2;2020;Videojuego;Watch Dogs Legion;;Canadá;1997
BLU072;Blur;Song 2;2023;Videojuego;Rock Band 4 ;;Estados Unidos;1997
BLU073;Blur;Song 2;2024;Videojuego;Fortnite Festival;;Estados Unidos;1997
BLU074;Blur;Song 2;2025;Videojuego;Synth Riders ;;Estados Unidos;1997
BLU075;Blur;Song 2;2025;Videojuego;EA Sports College Football 26;;Estados Unidos;1997
BLU076;Blur;Song 2;2025;Videojuego;Madden NFL 26;;Estados Unidos;1997
BLU077;Blur;Song 2;2025;Videojuego;NBA 2K26;;Estados Unidos;1997
BLU078;Blur;Song 2;2026;Videojuego;NHL 27;;Canadá;1997
BLU079;Blur;Song 2;2021;Serie;Ted Lasso;S2/E5;Estados Unidos;1997
BLU080;Blur;Song 2;2026;Serie;The Artful Dodger;S2/E1;Australia;1997
BLU081;Blur;Song 2;2024;Serie;Maxton Hall;S1/E2;Alemania;1997
BLU082;Blur;Song 2;2026;Serie;Shrinking;S3/E1;Estados Unidos;1997
BLU083;Blur;Song 2;2021;Serie;This Is Pop;S1/E2;Canadá;1997
BLU084;Blur;Song 2;2018;Serie;Yellowstone;S1/E2;Estados Unidos;1997
BLU085;Blur;Song 2;2017;Pelicula;Atomic Blonde;;Estados Unidos;1997
BLU086;Blur;Song 2;2016;Pelicula;Central Intelligence;;Estados Unidos;1997
BLU087;Blur;Song 2;2015;Serie;My Mad Fat Diary;S3/E1;Reino Unido;1997
BLU088;Blur;Song 2;2014;Serie;Parks and Recreation;S6/E18;Estados Unidos;1997
BLU089;Blur;Song 2;2010;Serie;Nikita;S1/E4;Estados Unidos;1997
BLU090;Blur;Song 2;2004;Serie;Alias;S3/E14;Estados Unidos;1997
BLU091;Blur;Song 2;2000;Pelicula;Charlie's Angels;;Estados Unidos;1997
BLU092;Blur;Song 2;1999;Serie;The Simpsons;S10/E12;Estados Unidos;1997
BLU093;Blur;Song 2;2019;Serie;Almost Family;S1/E1;Estados Unidos;1997
BLU094;Blur;Song 2;2008;Serie;Torchwood (UK);S2/E1;Reino Unido;1997
BLU095;Blur;Song 2;1997;Serie;Daria;S1/E5;Estados Unidos;1997
BLU096;Blur;Song 2;2023;Serie;Yellowjackets;S2/E6;Estados Unidos;1997
BLU097;Blur;Song 2;2022;Serie;Quantum Leap ;S1/E8;Estados Unidos;1997
BLU098;Blur;Song 2;2022;Serie;Quantum Leap ;S1/E7;Estados Unidos;1997
BLU099;Blur;Song 2;2012;Serie;Hustle;S8/E6;Reino Unido;1997
BLU100;Blur;Song 2;2006;Serie;South Park;S10/E14;Estados Unidos;1997
BLU102;Blur;Sweet Song;2012;Serie;Nikita;S2/E12;Estados Unidos;2003
BLU103;Blur;Sweet Song;2005;Serie;Sugar Rush;S1/E1;Reino Unido;2003
BLU104;Blur;Tender;1999;Serie;Daria;S3/E10;Estados Unidos;1999
BLU105;Blur;Tender;2022;Pelicula;Aftersun;;Reino Unido;1999
BLU106;Blur;Tender;2021;Serie;Sex Education;S3/E3;Reino Unido;1999
BLU107;Blur;Tender;2018;Serie;Patrick Melrose;S1/E5;Reino Unido;1999
BLU108;Blur;Tender;2000;Serie;Young Americans;S1/E1;Estados Unidos;1999
BLU109;Blur;Tender;2025;Serie;All Her Fault;S1/E7;Estados Unidos;1999
BLU110;Blur;The Universal;2013;Serie;My Mad Fat Diary;S1/E6;Reino Unido;1995
BLU111;Blur;The Universal;2021;Serie;Ted Lasso;S2/E9;Estados Unidos;1995
BLU112;Blur;There's No Other Way;2009;Videojuego;Rock Band ;;Estados Unidos;1991
BLU113;Blur;There's No Other Way;2010;Videojuego;Guitar Hero 5 ;;Estados Unidos;1991
BLU114;Blur;There's No Other Way;2013;Pelicula;The World's End;;Reino Unido/Estados Unidos;1991
BLU115;Blur;There's No Other Way;2023;Pelicula;Ghosted;;Estados Unidos;1991
BLU116;Blur;There's No Other Way;2001;Serie;Buffy the Vampire Slayer;S5/E11;Estados Unidos;1991
BLU117;Blur;There's No Other Way;2002;Serie;Top Gear (UK);S1/E3;Reino Unido;1991
BLU118;Blur;To the End;2009;Serie;Misfits (UK);S1/E6;Reino Unido;1994
BLU119;Blur;To the End;2024;Serie;One Day;S1/E9;Reino Unido;1994
BLU120;Blur;To the End;2014;Serie;My Mad Fat Diary;S2/E6;Reino Unido;1994
BLU121;Blur;To the End;2014;Serie;My Mad Fat Diary;S2/E2;Reino Unido;1994
BLU122;Blur;Trimm Trabb;2001;Serie;Roswell;S3/E1;Estados Unidos;1999
BLU123;Blur;Trimm Trabb;1999;Serie;Millennium;S3/E17;Estados Unidos;1999
BLU124;Blur;Under the Westway;2013;Serie;Parenthood;S4/E15;Estados Unidos;2012
OAS001;Oasis;Lyla;2005;Videojuego;FIFA 06;;Canadá;2005
OAS002;Oasis;(Get Off Your) High Horse Lady;2008;Videojuego;Guitar Hero World Tour ;;Estados Unidos;2008
OAS003;Oasis;(Get Off Your) High Horse Lady;2008;Serie;One Tree Hill;S6/E12;Estados Unidos;2008
OAS004;Oasis;Acquiesce;2016;Pelicula;Supersonic;;Reino Unido;1995
OAS005;Oasis;Acquiesce;2015;Serie;My Mad Fat Diary;S3/E2;Reino Unido;1995
OAS006;Oasis;Acquiesce;2007;Serie;Jericho;S1/E12;Estados Unidos;1995
OAS007;Oasis;Ain't Got Nothin';2008;Videojuego;Guitar Hero World Tour ;;Estados Unidos;2008
OAS008;Oasis;All Around The World;2016;Pelicula;Supersonic;;Reino Unido;1997
OAS009;Oasis;All Around The World;1998;Serie;Daria;S2/E2;Estados Unidos;1997
OAS010;Oasis;Bag It Up;2008;Videojuego;Guitar Hero World Tour ;;Estados Unidos;2008
OAS011;Oasis;Bonehead's Bank Holiday (Demo);2016;Pelicula;Supersonic;;Reino Unido;2014
OAS012;Oasis;Boy With the Blues;2009;Serie;NCIS;S6/E22;Estados Unidos;2008
OAS013;Oasis;Bring It On Down ;2016;Pelicula;Supersonic;;Reino Unido;1994
OAS014;Oasis;Cast No Shadow ;2006;Pelicula;Goal The Dream Begins;;Reino Unido;1995
OAS015;Oasis;Cast No Shadow ;2014;Serie;My Mad Fat Diary;S2/E3;Reino Unido;1995
OAS016;Oasis;Champagne Supernova;2014;Videojuego;Rocksmith 2014 ;;Estados Unidos;1995
OAS017;Oasis;Champagne Supernova;2015;Videojuego;Rock Band 4 ;;Estados Unidos;1995
OAS018;Oasis;Champagne Supernova;2017;Videojuego;Rock Band VR;;Estados Unidos;1995
OAS019;Oasis;Champagne Supernova;2024;Videojuego;Rocksmith+;;Estados Unidos;1995
OAS020;Oasis;Champagne Supernova;2023;Serie;Twisted Metal;S1/E1;Estados Unidos;1995
OAS021;Oasis;Champagne Supernova;2017;Serie;iZombie;S3/E5;Estados Unidos;1995
OAS022;Oasis;Champagne Supernova;2013;Serie;My Mad Fat Diary;S1/E6;Reino Unido;1995
OAS023;Oasis;Champagne Supernova;2013;Serie;My Mad Fat Diary;S1/E2;Reino Unido;1995
OAS024;Oasis;Champagne Supernova;2013;Serie;My Mad Fat Diary;S1/E1;Reino Unido;1995
OAS025;Oasis;Champagne Supernova;2007;Serie;Journeyman;S1/E1;Estados Unidos;1995
OAS026;Oasis;Champagne Supernova;2010;Serie;Shameless (UK);S7/E14;Reino Unido;1995
OAS027;Oasis;Champagne Supernova;2010;Serie;Skins (UK);S4/E2;Reino Unido;1995
OAS028;Oasis;Champagne Supernova ;2013;Serie;Southcliffe;S1/E2;Reino Unido;1995
OAS029;Oasis;Cigarettes & Alcohol;2016;Pelicula;Supersonic;;Reino Unido;1994
OAS030;Oasis;Cigarettes & Alcohol;2016;Pelicula;The Brothers Grimsby;;Reino Unido;1994
OAS031;Oasis;Cigarettes & Alcohol;2013;Serie;My Mad Fat Diary;S1/E1;Reino Unido;1994
OAS032;Oasis;Cigarettes & Alcohol;2021;Serie;Brassic;S3/E3;Reino Unido;1994
OAS033;Oasis;Columbia;2016;Pelicula;Supersonic;;Reino Unido;1994
OAS034;Oasis;Columbia;2013;Serie;My Mad Fat Diary;S1/E3;Reino Unido;1994
OAS035;Oasis;Digsy's Dinner ;2016;Pelicula;Supersonic;;Reino Unido;1994
OAS036;Oasis;Don't Go Away ;2005;Serie;Cold Case;S2/E16;Estados Unidos;1997
OAS037;Oasis;Don't Look Back in Anger;2008;Videojuego;Rock Band ;;Estados Unidos;1995
OAS038;Oasis;Don't Look Back in Anger;2008;Videojuego;Rock Band ;;Estados Unidos;1995
OAS039;Oasis;Don't Look Back in Anger;2013;Videojuego;Rocksmith 2014;;Estados Unidos;1995
OAS040;Oasis;Don't Look Back in Anger;2024;Videojuego;Rocksmith+;;Estados Unidos;1995
OAS041;Oasis;Don't Look Back In Anger;2026;Pelicula;Mike & Nick & Nick & Alice;;Estados Unidos;1995
OAS042;Oasis;Don't Look Back In Anger;2021;Serie;Ted Lasso;S2/E8;Estados Unidos;1995
OAS043;Oasis;Don't Look Back In Anger;2021;Pelicula;To All the Boys Always and Forever, Lara Jean;;Estados Unidos;1995
OAS044;Oasis;Don't Look Back In Anger;2020;Serie;Roswell New Mexico;S2/E4;Estados Unidos;1995
OAS045;Oasis;Don't Look Back In Anger;2018;Serie;Everything Sucks;S1/E1;Estados Unidos;1995
OAS046;Oasis;Don't Look Back In Anger;2017;Serie;Friends from College;S1/E2;Estados Unidos;1995
OAS047;Oasis;Don't Look Back In Anger;2015;Serie;Zoo;S1/E4;Estados Unidos;1995
OAS048;Oasis;Don't Look Back In Anger;2011;Serie;Being Human;S1/E13;Estados Unidos;1995
OAS049;Oasis;Don't Look Back In Anger;2007;Serie;Chuck;S1/E7;Estados Unidos;1995
OAS050;Oasis;Don't Look Back In Anger;2004;Serie;Cold Case;S1/E11;Estados Unidos;1995
OAS051;Oasis;Don't Look Back In Anger;2020;Pelicula;All My Life;;Estados Unidos;1995
OAS052;Oasis;Don't Look Back In Anger;2017;Serie;The Story of Diana;S1/E2;Estados Unidos;1995
OAS053;Oasis;Don't Look Back in Anger ;2020;Serie;Schooled;S2/E17;Estados Unidos;1995
OAS054;Oasis;Fuckin' in the Bushes;2021;Serie;Love Island (UK);S7/E19;Reino Unido;2000
OAS055;Oasis;Fuckin' in the Bushes;2000;Pelicula;Snatch;;Reino Unido;2000
OAS056;Oasis;Fuckin' in the Bushes;2017;Serie;Ex on the Beach (UK);S7/E5;Reino Unido;2000
OAS057;Oasis;Fuckin' in the Bushes;2016;Serie;Top Gear (UK);S23/E1;Reino Unido;2000
OAS058;Oasis;Fuckin' in the Bushes;2008;Serie;Top Gear (UK);S12/E4;Reino Unido;2000
OAS059;Oasis;Falling Down;2008;Videojuego;Guitar Hero World Tour ;;Estados Unidos;2008
OAS060;Oasis;Falling Down;2008;Serie;CSI NY;S5/E6;Estados Unidos;2008
OAS061;Oasis;Fuckin' in The Bushes;2010;Serie;Top Gear (UK);S15/E3;Reino Unido;2000
OAS062;Oasis;Fuckin' in The Bushes;2008;Serie;South Park;S12/E9;Estados Unidos;2000
OAS063;Oasis;Go Let It Out;2021;Serie;Countdown Inspiration4 Mission to Space;S1/E1;Estados Unidos;2000
OAS064;Oasis;Go Let It Out;2000;Serie;Daria;S4/E7;Estados Unidos;2000
OAS065;Oasis;Half The World Away;2001;Serie;Spaced;S2/E7;Reino Unido;1994
OAS066;Oasis;Hello;2013;Serie;Elementary;S2/E1;Estados Unidos;1995
OAS067;Oasis;Hello ;2013;Serie;My Mad Fat Diary;S1/E4;Reino Unido;1995
OAS068;Oasis;I'm Outta Time;2008;Videojuego;Guitar Hero World Tour ;;Estados Unidos;2008
OAS069;Oasis;It's Better People;2016;Pelicula;Supersonic;;Reino Unido;1995
OAS070;Oasis;Let There Be Love;2007;Serie;Cold Case;S4/E22;Estados Unidos;2005
OAS071;Oasis;Let There Be Love;2006;Serie;Waterloo Road;S1/E8;Reino Unido;2005
OAS072;Oasis;Listen Up;2001;Serie;Daria;S5/E7;Estados Unidos;1994
OAS073;Oasis;Little By Little;2006;Serie;Cold Case;S4/E2;Estados Unidos;2002
OAS074;Oasis;Live Forever;2008;Videojuego;Rock Band ;;Estados Unidos;1994
OAS075;Oasis;Live Forever;2014;Videojuego;Rocksmith 2014 ;;Estados Unidos;1994
OAS076;Oasis;Live Forever;2021;Pelicula;Fear Street Part Three 1666;;Estados Unidos;1994
OAS077;Oasis;Live Forever;2013;Serie;My Mad Fat Diary;S1/E5;Reino Unido;1994
OAS078;Oasis;Live Forever;2019;Serie;This Is Us;S3/E14;Estados Unidos;1994
OAS079;Oasis;Lyla;2006;Serie;Shameless (UK);S3/E7;Reino Unido;2005
OAS080;Oasis;Morning Glory ;2016;Pelicula;Supersonic;;Reino Unido;1995
OAS081;Oasis;Morning Glory ;2013;Serie;My Mad Fat Diary;S1/E3;Reino Unido;1995
OAS082;Oasis;Morning Glory ;2006;Pelicula;Goal! The Dream Begins;;Reino Unido;1995
OAS083;Oasis;Morning Glory ;2011;Serie;Shameless (UK);S8/E3;Reino Unido;1995
OAS084;Oasis;Part of the Queue;2006;Serie;Waterloo Road;S1/E6;Reino Unido;2005
OAS085;Oasis;Rock 'n' Roll Star;2007;Videojuego;Rock Band (EU);;Estados Unidos;1994
OAS086;Oasis;Rock 'n' Roll Star;2021;Serie;This Is Pop;S1/E2;Canadá;1994
OAS087;Oasis;Rock 'n' Roll Star;2019;Serie;The Good Doctor;S2/E12;Estados Unidos;1994
OAS088;Oasis;Roll with It;2020;Serie;Britain's Got Talent;S14/E7;Reino Unido;1995
OAS089;Oasis;Roll with It;2012;Serie;Shameless (UK);S9/E1;Reino Unido;1995
OAS090;Oasis;Round Are Way;2003;Pelicula;Camp;;Estados Unidos;1995
OAS091;Oasis;Round Are Way;1997;Pelicula;A Life Less Ordinary;;Reino Unido;1995
OAS092;Oasis;Shakermaker;2016;Pelicula;Supersonic;;Reino Unido;1994
OAS093;Oasis;She's Electric;2012;Serie;Shameless (UK);S10/E10;Reino Unido;1995
OAS094;Oasis;She's Electric;2014;Serie;My Mad Fat Diary;S2/E1;Reino Unido;1995
OAS095;Oasis;She's Electric;2016;Serie;People Just Do Nothing;S3/E4;Reino Unido;1995
OAS096;Oasis;Soldier On;2008;Videojuego;Guitar Hero World Tour ;;Estados Unidos;2008
OAS097;Oasis;Some Might Say;2008;Videojuego;Guitar Hero World Tour;;Estados Unidos;1995
OAS098;Oasis;Some Might Say;2014;Videojuego;Rocksmith 2014 ;;Estados Unidos;1995
OAS099;Oasis;Some Might Say;2012;Serie;Shameless (UK);S9/E4;Reino Unido;1995
OAS100;Oasis;Stay Young;1998;Pelicula;The Faculty;;Estados Unidos;1997
OAS101;Oasis;Stay Young;2025;Serie;The Bear;S4/E6;Estados Unidos;1997
OAS102;Oasis;Stop Crying Your Heart Out;2008;Pelicula;Made of Honor;;Estados Unidos;2002
OAS103;Oasis;Stop Crying Your Heart Out;2004;Pelicula;The Butterfly Effect;;Estados Unidos;2002
OAS104;Oasis;Stop Crying Your Heart Out;2002;Serie;Smallville;S2/E4;Estados Unidos;2002
OAS105;Oasis;Stop Crying Your Heart Out;2019;Serie;Cold Feet;S8/E6;Reino Unido;2002
OAS106;Oasis;Stop Crying Your Heart Out;2002;Serie;Birds of Prey;S1/E1;Estados Unidos;2002
OAS107;Oasis;Supersonic;2014;Videojuego;Rocksmith 2014 ;;Estados Unidos;1994
OAS108;Oasis;Supersonic;2003;Serie;CSI;S3/E20;Estados Unidos;1994
OAS109;Oasis;Supersonic;2014;Serie;My Mad Fat Diary;S2/E4;Reino Unido;1994
OAS110;Oasis;Supersonic;2023;Serie;Beckham;S1/E4;Reino Unido;1994
OAS111;Oasis;Talk Tonight;2016;Pelicula;Supersonic;;Reino Unido;1995
OAS112;Oasis;The Importance Of Being Idle;2006;Serie;Shameless (UK);S3/E6;Reino Unido;2005
OAS113;Oasis;The Masterplan;2003;Serie;CSI Miami;S2/E2;Estados Unidos;1995
OAS114;Oasis;The Masterplan;2022;Serie;Red Rose;S1/E8;Reino Unido;1995
OAS115;Oasis;The Masterplan;2010;Serie;Skins (UK);S4/E2;Reino Unido;1995
OAS116;Oasis;The Nature Of Reality;2008;Videojuego;Guitar Hero World Tour;;Estados Unidos;2008
OAS117;Oasis;The Nature Of Reality;2009;Serie;One Tree Hill;S6/E15;Estados Unidos;2008
OAS118;Oasis;The Shock of The Lightning;2008;Videojuego;Guitar Hero World Tour ;;Estados Unidos;2008
OAS119;Oasis;The Shock Of The Lightning;2008;Serie;The Hills;S4/E8;Estados Unidos;2008
OAS120;Oasis;The Shock Of The Lightning;2009;Serie;Top Gear (UK);S13/E1;Reino Unido;2008
OAS121;Oasis;The Turning;2008;Videojuego;Guitar Hero World Tour ;;Estados Unidos;2008
OAS122;Oasis;The Turning;2009;Serie;Waterloo Road;S4/E13;Reino Unido;2008
OAS123;Oasis;To Be Where There's Life;2008;Videojuego;Guitar Hero World Tour ;;Estados Unidos;2008
OAS124;Oasis;Up in the Sky ;2016;Pelicula;Supersonic;;Reino Unido;1994
OAS125;Oasis;Waiting for the Rapture;2008;Videojuego;Guitar Hero World Tour ;;Estados Unidos;2008
OAS126;Oasis;Who Feels Love?;2001;Serie;Daria;S5/E13;Estados Unidos;2000
OAS127;Oasis;Who Put The Weight Of The World On My Shoulders?;2006;Pelicula;Goal The Dream Begins;;Reino Unido;2005
OAS128;Oasis;Wonderwall;2008;Videojuego;Rock Band ;;Estados Unidos;1995
OAS129;Oasis;Wonderwall;2009;Videojuego;Rock Band Unplugged ;;Estados Unidos;1995
OAS130;Oasis;Wonderwall;2014;Videojuego;Rocksmith 2014 ;;Estados Unidos;1995
OAS131;Oasis;Wonderwall;2017;Videojuego;SingStar Celebration;;Reino Unido;1995
OAS132;Oasis;Wonderwall;2024;Videojuego;Rocksmith+;;Estados Unidos;1995
OAS133;Oasis;Wonderwall;2021;Serie;This Is Pop;S1/E2;Canadá;1995
OAS134;Oasis;Wonderwall;2020;Serie;Roswell New Mexico;S2/E2;Estados Unidos;1995
OAS135;Oasis;Wonderwall;2013;Serie;Misfits (UK);S5/E1;Reino Unido;1995
OAS136;Oasis;Wonderwall;2013;Serie;Girls;S2/E4;Estados Unidos;1995
OAS137;Oasis;Wonderwall;2007;Serie;Lost;S3/E8;Estados Unidos;1995
OAS138;Oasis;Wonderwall;2006;Serie;Nip/Tuck;S4/E3;Estados Unidos;1995
OAS139;Oasis;Wonderwall;2019;Serie;Schooled;S1/E3;Estados Unidos;1995
OAS140;Oasis;Wonderwall;2014;Serie;My Mad Fat Diary;S2/E7;Reino Unido;1995
OAS141;Oasis;Wonderwall;2007;Serie;Lost;S3/E21;Estados Unidos;1995
OAS142;Oasis;Wonderwall;2020;Serie;Ted Lasso;S1/E7;Estados Unidos;1995
OAS143;Oasis;Wonderwall;2024;Serie;Time Bandits;S1/E8;Estados Unidos;1995
OAS144;Oasis;Wonderwall;2024;Serie;Elite;S8/E8;España;1995
OAS145;Oasis;Wonderwall;2025;Serie;Yellowjackets;S3/E8;Estados Unidos;1995
OAS146;Oasis;Wonderwall ;2018;Serie;Everything Sucks;S1/E2;Estados Unidos;1995
OAS147;Oasis;Wonderwall ;2017;Serie;The Nineties;S1/E7;Estados Unidos;1995
OAS148;Oasis;Wonderwall ;2016;Serie;Frequency;S1/E1;Estados Unidos;1995
OAS149;Oasis;Wonderwall ;2014;Pelicula;Mommy;;Canadá;1995
OAS150;Oasis;Wonderwall ;2011;Serie;Enlightened;S1/E1;Estados Unidos;1995
OAS151;Oasis;Wonderwall ;2010;Serie;Ashes to Ashes;S3/E8;Reino Unido;1995
GOR001;Gorillaz;19-2000 (Soulchild Remix);2001;Videojuego;FIFA 2002;;Canadá;2001
GOR002;Gorillaz;19-2000;2001;Videojuego;Project Gotham Racing;;Reino Unido;2001
GOR003;Gorillaz;19-2000;2010;Videojuego;SingStar ;;Reino Unido;2001
GOR004;Gorillaz;19-2000;2008;Pelicula;Cloverfield;;Estados Unidos;2001
GOR005;Gorillaz;19-2000;2003;Pelicula;How to Lose a Guy in 10 Days;;Estados Unidos;2001
GOR006;Gorillaz;19-2000;2001;Serie;Smallville;S1/E3;Estados Unidos;2001
GOR007;Gorillaz;19-2000 (Soulchild Remix);2010;Serie;Strike Back;S1/E1;Reino Unido/Estados Unidos;2001
GOR008;Gorillaz;5/4;2001;Serie;Smallville;S1/E6;Estados Unidos;2001
GOR009;Gorillaz;Ascension (ft. Vince Staples);2017;Videojuego;Need for Speed Payback;;Suecia;2017
GOR010;Gorillaz;Baby Queen;2022;Videojuego;FIFA 23;;Canadá;2022
GOR011;Gorillaz;Bobby In Phoenix (ft. Bobby Womack);2022;Serie;Hard Knocks in Season;S2/E6;Estados Unidos;2010
GOR012;Gorillaz;Busted and Blue;2019;Serie;Brassic;S1/E4;Reino Unido;2012
GOR013;Gorillaz;Clint Eastwood;2023;Serie;For All Mankind;S4/E2;Estados Unidos;2001
GOR014;Gorillaz;Clint Eastwood;2016;Pelicula;Trolls;;Estados Unidos;2001
GOR015;Gorillaz;Clint Eastwood;2015;Serie;Scorpion;S1/E18;Estados Unidos;2001
GOR016;Gorillaz;Clint Eastwood;2010;Pelicula;Fair Game;;Estados Unidos;2001
GOR017;Gorillaz;Clint Eastwood;2007;Serie;Cold Case;S5/E6;Estados Unidos;2001
GOR018;Gorillaz;Clint Eastwood;2001;Serie;Smallville;S1/E3;Estados Unidos;2001
GOR019;Gorillaz;Clint Eastwood;2001;Serie;Angel;S3/E6;Estados Unidos;2001
GOR020;Gorillaz;Clint Eastwood;2023;Serie;Pantheon;S2/E6;Estados Unidos;2001
GOR021;Gorillaz;Clint Eastwood;2006;Serie;Shameless (UK);S3/E2;Reino Unido;2001
GOR022;Gorillaz;Clint Eastwood;2001;Serie;Dark Angel;S2/E5;Estados Unidos;2001
GOR023;Gorillaz;Clint Eastwood;2001;Serie;Daria;S5/E12;Estados Unidos;2001
GOR024;Gorillaz;Clint Eastwood;2012;Serie;Bad Education;S1/E2;Reino Unido;2001
GOR025;Gorillaz;Clint Eastwood;2025;Serie;Twisted Metal;S2/E1;Estados Unidos;2001
GOR026;Gorillaz;Clint Eastwood;2001;Videojuego;MTV Music Generator 2;;Reino Unido;2001
GOR027;Gorillaz;Clint Eastwood;2009;Videojuego;Rock Band 2;;Estados Unidos;2001
GOR028;Gorillaz;Clint Eastwood;2013;Videojuego;NBA 2K14;;Estados Unidos;2001
GOR029;Gorillaz;Clint Eastwood;2023;Videojuego;Synth Riders ;;Estados Unidos;2001
GOR030;Gorillaz;Clint Eastwood;2025;Videojuego;Fortnite Festival;;Estados Unidos;2001
GOR031;Gorillaz;Cracker Island (ft. Thundercat);2023;Serie;Platonic;S1/E8;Estados Unidos;2022
GOR032;Gorillaz;Cracker Island (ft. Thundercat);2023;Videojuego;Synth Riders ;;Estados Unidos;2022
GOR033;Gorillaz;DARE;2009;Videojuego;DJ Hero ;;Reino Unido;2005
GOR034;Gorillaz;DARE;2009;Videojuego;Just Dance;;Francia;2005
GOR035;Gorillaz;DARE;2010;Videojuego;SingStar ;;Reino Unido;2005
GOR036;Gorillaz;DARE;2012;Videojuego;Just Dance 3 ;;Francia;2005
GOR037;Gorillaz;DARE;2012;Videojuego;Just Dance Greatest Hits;;Francia;2005
GOR038;Gorillaz;DARE;2022;Videojuego;Beatstar;;Reino Unido;2005
GOR039;Gorillaz;DARE;2023;Videojuego;Synth Riders ;;Estados Unidos;2005
GOR040;Gorillaz;DARE;2025;Videojuego;Fortnite Festival;;Estados Unidos;2005
GOR041;Gorillaz;DARE;2025;Videojuego;Fortnite ;;Estados Unidos;2005
GOR042;Gorillaz;DARE;2021;Serie;Outer Banks;S2/E7;Estados Unidos;2005
GOR043;Gorillaz;DARE;2018;Serie;Love Island (UK);S4/E6;Reino Unido;2005
GOR044;Gorillaz;DARE;2011;Serie;Misfits (UK);S3/E6;Reino Unido;2005
GOR045;Gorillaz;DARE;2005;Serie;Entourage;S2/E2;Estados Unidos;2005
GOR046;Gorillaz;DARE;2023;Serie;American Auto;S2/E5;Estados Unidos;2005
GOR047;Gorillaz;DARE;2023;Serie;Love Island (UK);S9/E13;Reino Unido;2005
GOR048;Gorillaz;DARE;2020;Serie;Love Island (UK);S6/E5;Reino Unido;2005
GOR049;Gorillaz;DARE;2007;Pelicula;Nancy Drew;;Estados Unidos;2005
GOR050;Gorillaz;DARE;2007;Serie;Studio 60 on the Sunset Strip;S1/E12;Estados Unidos;2005
GOR051;Gorillaz;DARE;2007;Serie;Shameless (UK);S4/E1;Reino Unido;2005
GOR052;Gorillaz;DARE;2006;Serie;Waterloo Road;S1/E1;Reino Unido;2005
GOR053;Gorillaz;DARE;2006;Serie;Shameless (UK);S3/E7;Reino Unido;2005
GOR054;Gorillaz;Dirty Harry;2010;Videojuego;SingStar ;;Reino Unido;2005
GOR055;Gorillaz;Dirty Harry;2021;Pelicula;Dear Rider The Jake Burton Story;;Estados Unidos;2005
GOR056;Gorillaz;Dirty Harry;2006;Serie;Entourage;S3/E6;Estados Unidos;2005
GOR057;Gorillaz;Dirty Harry (Schtung Chinese New Year Remix);2010;Pelicula;The Karate Kid;;Estados Unidos;2006
GOR058;Gorillaz;Dub Dumb (ft. Sweetie Irie);2001;Videojuego;MTV Music Generator 2;;Reino Unido;2001
GOR059;Gorillaz;El Mañana;2005;Serie;The OC;S2/E24;Estados Unidos;2005
GOR060;Gorillaz;El Mañana;2006;Serie;Top Gear (UK);S8/E3;Reino Unido;2005
GOR061;Gorillaz;Feel Good Inc.;2026;Serie;Tell Me Lies;S3/E3;Estados Unidos;2005
GOR062;Gorillaz;Feel Good Inc.;2006;Serie;Six Degrees;S1/E1;Estados Unidos;2005
GOR063;Gorillaz;Feel Good Inc.;2006;Serie;Entourage;S3/E3;Estados Unidos;2005
GOR064;Gorillaz;Feel Good Inc.;2008;Serie;Torchwood (UK);S2/E6;Reino Unido;2005
GOR065;Gorillaz;Feel Good Inc.;2022;Serie;The Afterparty;S1/E6;Estados Unidos;2005
GOR066;Gorillaz;Feel Good Inc.;2022;Serie;The Afterparty;S1/E1;Estados Unidos;2005
GOR067;Gorillaz;Feel Good Inc.;2022;Serie;The Afterparty;S1/E2;Estados Unidos;2005
GOR068;Gorillaz;Feel Good Inc.;2021;Pelicula;The White Tiger;;India/Estados Unidos;2005
GOR069;Gorillaz;Feel Good Inc.;2019;Serie;Looking for Alaska;S1/E2;Estados Unidos;2005
GOR070;Gorillaz;Feel Good Inc.;2015;Pelicula;The Big Short;;Estados Unidos;2005
GOR071;Gorillaz;Feel Good Inc.;2006;Serie;House, M.D.;S3/E1;Estados Unidos;2005
GOR072;Gorillaz;Feel Good Inc.;2007;Pelicula;Perfect Stranger;;Estados Unidos;2005
GOR073;Gorillaz;Feel Good Inc.;2007;Serie;Shameless (UK);S4/E3;Reino Unido;2005
GOR074;Gorillaz;Feel Good Inc.;2006;Serie;Sugar Rush;S2/E1;Reino Unido;2005
GOR075;Gorillaz;Feel Good Inc.;2005;Serie;Las Vegas;S3/E6;Estados Unidos;2005
GOR076;Gorillaz;Feel Good Inc. ;2006;Serie;House, M.D.;S3/E1;Estados Unidos;2005
GOR077;Gorillaz;Feel Good Inc. ;2007;Videojuego;SingStar Pop;;Reino Unido;2005
GOR078;Gorillaz;Feel Good Inc. ;2008;Videojuego;Battle of the Bands;;Estados Unidos;2005
GOR079;Gorillaz;Feel Good Inc. ;2009;Videojuego;Dance Dance Revolution Hottest Party 3;;Japón;2005
GOR080;Gorillaz;Feel Good Inc. ;2009;Videojuego;DJ Hero;;Reino Unido;2005
GOR081;Gorillaz;Feel Good Inc. ;2009;Videojuego;Guitar Hero 5;;Estados Unidos;2005
GOR082;Gorillaz;Feel Good Inc. ;2009;Videojuego;Rock Band 2;;Estados Unidos;2005
GOR083;Gorillaz;Feel Good Inc. ;2010;Videojuego;SingStar ;;Reino Unido;2005
GOR084;Gorillaz;Feel Good Inc. ;2014;Videojuego;Fantasia Music Evolved;;Estados Unidos;2005
GOR085;Gorillaz;Feel Good Inc. ;2014;Videojuego;Grand Theft Auto V ;;Reino Unido;2005
GOR086;Gorillaz;Feel Good Inc. ;2020;Videojuego;Watch Dogs Legion;;Canadá;2005
GOR087;Gorillaz;Feel Good Inc. ;2021;Videojuego;Beatstar;;Reino Unido;2005
GOR088;Gorillaz;Feel Good Inc. ;2023;Videojuego;Synth Riders ;;Estados Unidos;2005
GOR089;Gorillaz;Feel Good Inc. ;2023;Videojuego;Metal Hellsinger The Essential Hits ;;Suecia;2005
GOR090;Gorillaz;Feel Good Inc. ;2024;Videojuego;Fortnite Festival;;Estados Unidos;2005
GOR091;Gorillaz;Feel Good Inc. ;2024;Videojuego;Pop Beat;;Estados Unidos;2005
GOR092;Gorillaz;Hong Kong;2008;Serie;Top Gear (UK);S12/E8;Reino Unido;2007
GOR093;Gorillaz;Kids With Guns;2007;Serie;Waterloo Road;S2/E9;Reino Unido;2005
GOR094;Gorillaz;Kids With Guns;2010;Serie;Top Gear (UK);S15/E1;Reino Unido;2005
GOR095;Gorillaz;Kids With Guns;2005;Serie;The OC;S2/E21;Estados Unidos;2005
GOR096;Gorillaz;Let Me Out (ft. Pusha T and Mavis Staples);2017;Videojuego;NBA Live 18;;Estados Unidos;2017
GOR097;Gorillaz;New Gold (ft. Tame Impala and Bootie Brown);2023;Serie;The Summer I Turned Pretty;S2/E6;Estados Unidos;2022
GOR098;Gorillaz;New Gold (ft. Tame Impala and Bootie Brown);2023;Videojuego;Synth Riders ;;Estados Unidos;2022
GOR099;Gorillaz;On Melancholy Hill;2018;Videojuego;Life is Strange 2;;Francia;2010
GOR100;Gorillaz;On Melancholy Hill;2023;Videojuego;Synth Riders;;Estados Unidos;2010
GOR101;Gorillaz;On Melancholy Hill;2025;Videojuego;Fortnite Festival;;Estados Unidos;2010
GOR102;Gorillaz;On Melancholy Hill;2019;Serie;Cold Feet;S8/E5;Reino Unido;2010
GOR103;Gorillaz;On Melancholy Hill;2022;Serie;Brassic;S4/E7;Reino Unido;2010
GOR104;Gorillaz;On Melancholy Hill (Feed Me Remix);2010;Serie;The Vampire Diaries;S2/E7;Estados Unidos;2010
GOR105;Gorillaz;Plastic Beach (ft. Mick Jones and Paul Simonon);2010;Serie;Top Gear (UK);S15/E3;Reino Unido;2010
GOR106;Gorillaz;Plastic Beach (ft. Mick Jones and Paul Simonon);2010;Videojuego;Dance Dance Revolution 2010;;Japón;2010
GOR107;Gorillaz;Re-Hash;2009;Videojuego;Rock Band 2 ;;Estados Unidos;2001
GOR108;Gorillaz;Rhinestone Eyes;2010;Videojuego;FIFA 11;;Canadá;2010
GOR109;Gorillaz;Saturnz Barz (ft. Popcaan);2020;Serie;Double Shot at Love;S2/E11;Estados Unidos;2017
GOR110;Gorillaz;Sleeping Powder;2023;Videojuego;Synth Riders ;;Estados Unidos;2017
GOR111;Gorillaz;Sorcererz;2018;Videojuego;FIFA 19;;Canadá;2018
GOR112;Gorillaz;Stylo (ft. Bobby Womack and Mos Def);2010;Videojuego;DJ Hero 2;;Reino Unido;2010
GOR113;Gorillaz;Stylo (ft. Bobby Womack and Mos Def);2012;Videojuego;NBA Baller Beats;;Estados Unidos;2010
GOR114;Gorillaz;Stylo (iTunes Session);2010;Serie;Waterloo Road;S6/E6;Reino Unido;2010
GOR115;Gorillaz;Superfast Jellyfish (ft. De La Soul and Gruff Rhys);2025;Videojuego;Fortnite ;;Estados Unidos;2010
GOR116;Gorillaz;Superfast Jellyfish (ft. De La Soul and Gruff Rhys);2010;Serie;Top Gear (UK);S15/E2;Reino Unido;2010
GOR117;Gorillaz;The Valley of the Pagans (ft. Beck);2021;Videojuego;MLB The Show 21;;Estados Unidos;2020
GOR118;Gorillaz;The Valley of the Pagans (ft. Beck);2021;Videojuego;Forza Horizon 5;;Reino Unido;2020
GOR119;Gorillaz;Tranz;2018;Serie;wtFOCK ;S1/E3;Bélgica;2018
BEA001;Beady Eye;Four Letter Word;2011;Videojuego;F1 2011;;Reino Unido;2011
BEA002;Beady Eye;Dreaming of Some Space;2013;Serie;Elementary;S1/E23;Estados Unidos;2013
BEA003;Beady Eye;Face The Crowd;2013;Serie;Top Gear (UK);S20/E2;Reino Unido;2013
BEA004;Beady Eye;Flick Of The Finger;2015;Serie;Top Gear (UK);S22/E3;Reino Unido;2013
BEA005;Beady Eye;Second Bite Of The Apple;2013;Serie;Top Gear (UK);S20/E1;Reino Unido;2013
BEA006;Beady Eye;Start Anew;2013;Serie;Elementary;S1/E24;Estados Unidos;2013
BEA007;Beady Eye;Start Anew;2013;Serie;Elementary;S1/E23;Estados Unidos;2013
GBQ001;The Good, the Bad & the Queen;Green Fields ;2008;Serie;Skins (UK);S2/E6;Reino Unido;2007
LIA001;Liam Gallagher;Everything's Electric ;2022;Serie;NCIS Hawaii;S1/E14;Estados Unidos;2022
LIA002;Liam Gallagher;Shockwave;2019;Serie;Are You Afraid of the Dark?;S1/E1;Canadá;2019
HFB001;Noel Gallagher's High Flying Birds;AKA… What A Life!;2015;Serie;Top Gear (UK);S22/E2;Reino Unido;2011
HFB002;Noel Gallagher's High Flying Birds;Dead To The World;2024;Serie;The Umbrella Academy;S4/E6;Estados Unidos;2023
HFB003;Noel Gallagher's High Flying Birds;Everybody's On The Run ;2012;Serie;Beauty and the Beast;S1/E4;Estados Unidos;2011
HFB004;Noel Gallagher's High Flying Birds;If I Had A Gun…;2012;Serie;One Tree Hill;S9/E7;Estados Unidos;2011
HFB005;Noel Gallagher's High Flying Birds;In The Heat Of The Moment;2019;Serie;The Umbrella Academy;S1/E5;Estados Unidos;2014
HFB006;Noel Gallagher's High Flying Birds;In The Heat Of The Moment (Toydrum Remix);2017;Serie;Top Gear (UK);S24/E4;Reino Unido;2015
HFB007;Noel Gallagher's High Flying Birds;Let The Lord Shine A Light On Me;2013;Serie;Top Gear (UK);S19/E4;Reino Unido;2011
HFB008;Noel Gallagher's High Flying Birds;Let The Lord Shine A Light On Me;2012;Serie;Top Gear (UK);S18/E6;Reino Unido;2011
HFB009;Noel Gallagher's High Flying Birds;Sail On;2020;Serie;Trying;S1/E7;Reino Unido;2019
HFB010;Noel Gallagher's High Flying Birds;The Man Who Built the Moon;2019;Serie;The InBetween;S1/E1;Estados Unidos;2017
NOE001;Noel Gallagher;But What If;2016;Pelicula;Supersonic;;Reino Unido;2016
NG002;Noel Gallagher;Teotihuacan;1998;Pelicula;The X Files;;Estados Unidos;1998
DAM001;Damon Albarn;Closet Romantic;1996;Pelicula;Trainspotting;;Reino Unido;1996
DAM002;Damon Albarn;Heavy Seas of Love;2015;Serie;Banana;S1/E7;Reino Unido;2014
DAM003;Damon Albarn;Sister Rust;2014;Pelicula;Lucy;;Francia;2014
