artista;cancion;aparicion;tipo;titulo_obra;temporada_episodio;titulo_episodio
Blur;Chinese Bombs;1998;Videojuego;The Sound of Gran Turismo;;
Blur;Song 2;1998;Videojuego;FIFA: Road to World Cup 98;;
Blur;Song 2;2006;Videojuego;SingStar Rocks!;;
Blur;Parklife;2006;Videojuego;SingStar Legends;;
Blur;Coffee & TV;2007;Videojuego;SingStar (PS3);;
Blur;Parklife;2007;Videojuego;Thrillville: Off the Rails;;
Blur;Beetlebum;2008;Videojuego;Rock Band (DLC);;
Blur;Girls & Boys;2008;Videojuego;SingStar Summer Party;;
Blur;Country House;2008;Videojuego;SingStar Vol. 2;;
Blur;Song 2;2009;Videojuego;Guitar Hero 5;;
Blur;Song 2;2009;Videojuego;Lego Rock Band;;
Blur;Song 2;2009;Videojuego;Band Hero (DS);;
Blur;Girls & Boys;2009;Videojuego;Just Dance;;
Blur;There's No Other Way;2009;Videojuego;Rock Band 2 (DLC);;
Blur;Song 2;2010;Videojuego;Madden NFL 11;;
Blur;There's No Other Way;2010;Videojuego;Guitar Hero 5 (DLC);;
Blur;Song 2;2010;Videojuego;Just Dance 2 (DLC);;
Blur;Song 2;2010;Videojuego;SingStar Guitar;;
Blur;Girls & Boys;2010;Videojuego;Dance Central (DLC);;
Blur;Song 2;2011;Videojuego;Madden NFL Football;;
Blur;Parklife;2011;Videojuego;Kinect Sports: Season Two;;
Blur;Song 2;2011;Videojuego;Madden NFL 12;;
Blur;Song 2 (cover);2011;Videojuego;Just Dance Kids 2;;
Blur;Song 2;2011;Videojuego;Rocksmith;;
Blur;Song 2;2011;Videojuego;Just Dance: Summer Party;;
Blur;Song 2;2012;Videojuego;Madden NFL 13;;
Blur;Song 2;2013;Videojuego;Saints Row IV;;
Blur;Song 2;2013;Videojuego;Madden NFL 25;;
Blur;Song 2;2020;Videojuego;Watch Dogs: Legion;;
Blur;Song 2;2021;Videojuego;Beatstar (beta);;
Blur;Song 2;2023;Videojuego;Rock Band 4 (DLC);;
Blur;Song 2;2024;Videojuego;Fortnite Festival;;
Blur;Song 2;2025;Videojuego;Synth Riders (DLC);;
Blur;Song 2;2025;Videojuego;EA Sports College Football 26;;
Blur;Song 2;2025;Videojuego;Madden NFL 26;;
Blur;Song 2;2025;Videojuego;NBA 2K26;;
Blur;Song 2;2026;Videojuego;NHL 27;;
Blur;Parklife;2026;Videojuego;Stage Tour;;
Blur;Badhead;2013;Serie;My Mad Fat Diary;S1|E4;Don't Ever Tell Anyone Anything!
Blur;Beetlebum;2015;Serie;My Mad Fat Diary;S3|E2;Rewind
Blur;Beetlebum;1997;Serie;Daria;S1|E9;Too Cute
Blur;Brothers and Sisters;2011;Serie;Top Gear (UK);S17|E5;Series 17, Episode 5
Blur;Chemical World;2014;Serie;My Mad Fat Diary;S2|E3;Girls
Blur;Coffee & TV;1999;Película;Cruel Intentions;;
Blur;Coffee & TV;2001;Serie;The Sopranos;S3|E11;Pine Barrens
Blur;Coffee & TV;2000;Serie;Daria;S4|E2;Antisocial Climbers
Blur;Country House;2015;Serie;My Mad Fat Diary;S3|E1;Who is Stan Ford?
Blur;Country House;2014;Serie;My Mad Fat Diary;S2|E1;Alarm!
Blur;Country House;2012;Serie;Fresh Meat;S2|E4;Episode 4
Blur;Country House;1998;Serie;Daria;S2|E4;I Don't
Blur;Country Sad Ballad Man;2017;Serie;The Replacement;S1|E1;Episode 1
Blur;Crazy Beat;2004;Serie;Gilmore Girls;S4|E11;In the Clamor and the Clangor
Blur;Death of a Party;2023;Pelicula;All of Us Strangers;;
Blur;End of a Century;2014;Serie;My Mad Fat Diary;S2|E4;Friday
Blur;Far Out;2013;Serie;My Mad Fat Diary;S1|E6;It's a Wonderful Rae (2)
Blur;Girls and Boys;2018;Serie;Derry Girls;S1|E6;Episode 6
Blur;Girls and Boys;2018;Serie;Derry Girls;S1|E4;Episode 4
Blur;Girls and Boys;2013;Serie;My Mad Fat Diary;S1|E3;Ladies and Gentlemen
Blur;Girls and Boys;2011;Serie;Being Erica;S4|E4;Born This Way
Blur;Girls and Boys;2020;Serie;The A Word;S3|E5;Episode 5
Blur;Girls and Boys;2020;Serie;Alma's Not Normal;S1|E1;Feng Suey
Blur;Good Song;2017;Serie;Catastrophe;S3|E6;Episode 6
Blur;Good Song;2011;Serie;Top Gear (UK);S17|E6;Series 17, Episode 6
Blur;Intermission;2017;Película;Baby Driver;;
Blur;It Could Be You;2013;Serie;My Mad Fat Diary;S1|E2;Touched
Blur;It Could Be You;2014;Serie;My Mad Fat Diary;S2|E4;Friday
Blur;Lonesome Street;2016;Serie;Gilmore Girls: A Year in the Life;S1|E2;Spring
Blur;Moroccan Peoples Revolutionary Bowls Club;2011;Serie;Top Gear (UK);S17|E6;Series 17, Episode 6
Blur;On the Way to the Club;2014;Serie;Top Gear (UK);S21|E1;Series 21, Episode 1
Blur;On the Way to the Club;2012;Serie;Top Gear (UK);S18|E4;Series 18, Episode 4
Blur;On Your Own;2000;Pelicula;The Beach;;
Blur;Out of Time;2015;Pelicula;American Sniper;;
Blur;Parklife;2021;Serie;This Is Pop;S1|E2;Hail Britpop!
Blur;Parklife;2018;Serie;Love Island (UK);S4|E10;Episode 10
Blur;Parklife;2016;Pelicula;The Brothers Grimsby;;
Blur;Popscene;1995;Serie;Beavis and Butt-Head;S5|E21;Lightning Strikes
Blur;Popscene;2024;Serie;One Day;S1|E6;Episode 6
Blur;She's So High;1997;Pelicula;Nowhere;;
Blur;Sing;2009;Serie;Top Gear (UK);S14|E5;Series 14, Episode 5
Blur;Sing;2016;Serie;Love Island (UK);S2|E24;Episode 24
Blur;Sing;2014;Serie;My Mad Fat Diary;S2|E2;Radar
Blur;Sing;1996;Pelicula;Trainspotting;;
Blur;Sing;2008;Serie;Top Gear (UK);S12E4;Economy Run
Blur;Sing;2023;Serie;Beckham;S1E4;What Makes David Run
Blur;Song 2;2021;Serie;Ted Lasso;S2E5;Rainbow
Blur;Song 2;2026;Serie;The Artful Dodger;S2E1;Hangman
Blur;Song 2;2022;Serie;Dancing With the Stars;S31E9;90s Night
Blur;Song 2;2024;Serie;Maxton Hall;S1E2;Adel verpflichtet
Blur;Song 2;2026;Serie;Shrinking;S3E1;My Bad
Blur;Song 2;2021;Serie;The Challenge: All Stars;S2E5;Old Tina Can't Come to the Phone
Blur;Song 2;2021;Serie;This Is Pop;S1E2;Hail Britpop!
Blur;Song 2;2018;Serie;Yellowstone;S1E2;Kill the Messenger
Blur;Song 2;2017;Pelicula;Atomic Blonde;;
Blur;Song 2;2016;Pelicula;Central Intelligence;;
Blur;Song 2;2015;Serie;My Mad Fat Diary;S3E1;Who is Stan Ford?
Blur;Song 2;2014;Serie;Parks and Recreation;S6E18;Prom
Blur;Song 2;2010;Serie;Nikita;S1E4;Rough Trade
Blur;Song 2;2004;Serie;Alias;S3E14;Blowback
Blur;Song 2;2000;Pelicula;Charlie's Angels;;
Blur;Song 2;1999;Serie;The Simpsons;S10E12;Sunday, Cruddy Sunday
Blur;Song 2;2019;Serie;Almost Family;S1E1;Pilot
Blur;Song 2;2008;Serie;Torchwood (UK);S2E1;Kiss Kiss, Bang Bang
Blur;Song 2;1997;Serie;Daria;S1E5;Malled
Blur;Song 2;2023;Serie;Yellowjackets;S2E6;Qui
Blur;Song 2;2022;Serie;Quantum Leap ;S1E8;Stand by Ben
Blur;Song 2;2022;Serie;Quantum Leap ;S1E7;O Ye of Little Faith
Blur;Song 2;2012;Serie;Hustle;S8E6;The Con is Off
Blur;Song 2;2006;Serie;South Park;S10E14;Stanley's Cup
Blur;Song 2 (techno mix);2001;Serie;Queer as Folk (2000);S1E20;The King of Babylon
Blur;Sweet Song;2012;Serie;Nikita;S2E12;Sanctuary
Blur;Sweet Song;2005;Serie;Sugar Rush;S1E1;Episode 1
Blur;Tender;1999;Serie;Daria;S3E10;Speedtrapped
Blur;Tender;2022;Pelicula;Aftersun;;
Blur;Tender;2021;Serie;Sex Education;S3E3;Episode 3
Blur;Tender;2018;Serie;Patrick Melrose;S1E5;At Last
Blur;Tender;2000;Serie;Young Americans;S1E1;Pilot (a.k.a. The Beginning)
Blur;Tender;2025;Serie;All Her Fault;S1E7;Episode 7
Blur;The Universal;2013;Serie;My Mad Fat Diary;S1E6;It's a Wonderful Rae (2)
Blur;The Universal;2021;Serie;Ted Lasso;S2E9;Beard After Hours
Blur;There's No Other Way;2013;Pelicula;The World's End;;
Blur;There's No Other Way;2023;Pelicula;Ghosted;;
Blur;There's No Other Way;2001;Serie;Buffy the Vampire Slayer;S5E11;Triangle
Blur;There's No Other Way;2002;Serie;Top Gear (UK);S1E3;Grannies Do Donuts
Blur;To the End;2009;Serie;Misfits (UK);S1E6;Episode 6
Blur;To the End;2024;Serie;One Day;S1E9;Episode 9
Blur;To the End;2014;Serie;My Mad Fat Diary;S2E6;Not I
Blur;To the End;2014;Serie;My Mad Fat Diary;S2E2;Radar
Blur;Trimm Trabb;2001;Serie;Roswell;S3E1;Busted
Blur;Trimm Trabb;1999;Serie;Millennium;S3E17;Darwin's Eye
Blur;Under the Westway;2013;Serie;Parenthood;S4E15;Because You're My Sister
Oasis;Lyla;2005;Videojuego;FIFA 06;;
Oasis;Rock 'n' Roll Star;2007;Videojuego;Rock Band (EU);;
Oasis;Don't Look Back in Anger;2008;Videojuego;Rock Band (Wii);;
Oasis;Don't Look Back in Anger;2008;Videojuego;Rock Band (DLC);;
Oasis;Live Forever;2008;Videojuego;Rock Band (DLC);;
Oasis;Wonderwall;2008;Videojuego;Rock Band (DLC);;
Oasis;Some Might Say;2008;Videojuego;Guitar Hero World Tour;;
Oasis;Bag It Up;2008;Videojuego;Guitar Hero World Tour (DLC);;
Oasis;Waiting for the Rapture;2008;Videojuego;Guitar Hero World Tour (DLC);;
Oasis;The Shock of the Lightning;2008;Videojuego;Guitar Hero World Tour (DLC);;
Oasis;The Turning;2008;Videojuego;Guitar Hero World Tour (DLC);;
Oasis;I'm Outta Time;2008;Videojuego;Guitar Hero World Tour (DLC);;
Oasis;(Get Off Your) High Horse Lady;2008;Videojuego;Guitar Hero World Tour (DLC);;
Oasis;Falling Down;2008;Videojuego;Guitar Hero World Tour (DLC);;
Oasis;To Be Where There's Life;2008;Videojuego;Guitar Hero World Tour (DLC);;
Oasis;Ain't Got Nothin';2008;Videojuego;Guitar Hero World Tour (DLC);;
Oasis;The Nature of Reality;2008;Videojuego;Guitar Hero World Tour (DLC);;
Oasis;Soldier On;2008;Videojuego;Guitar Hero World Tour (DLC);;
Oasis;Supersonic (Live);2009;Videojuego;Rock Band 2 (DLC);;
Oasis;Wonderwall;2009;Videojuego;Rock Band Unplugged (DLC);;
Oasis;(It's Good) To Be Free;2013;Videojuego;Grand Theft Auto V (beta);;
Oasis;Don't Look Back in Anger;2013;Videojuego;Rocksmith 2014;;
Oasis;Live Forever;2014;Videojuego;Rocksmith 2014 (DLC);;
Oasis;Supersonic;2014;Videojuego;Rocksmith 2014 (DLC);;
Oasis;Champagne Supernova;2014;Videojuego;Rocksmith 2014 (DLC);;
Oasis;Some Might Say;2014;Videojuego;Rocksmith 2014 (DLC);;
Oasis;Wonderwall;2014;Videojuego;Rocksmith 2014 (DLC);;
Oasis;Wonderwall (Cover);2016;Videojuego;Just Sing;;
Oasis;Wonderwall;2017;Videojuego;SingStar Celebration;;
Oasis;Champagne Supernova;2015;Videojuego;Rock Band 4 (DLC);;
Oasis;Champagne Supernova;2017;Videojuego;Rock Band VR;;
Oasis;Champagne Supernova;2024;Videojuego;Rocksmith+;;
Oasis;Don't Look Back in Anger;2024;Videojuego;Rocksmith+;;
Oasis;Wonderwall;2024;Videojuego;Rocksmith+;;
Oasis;Wonderwall;2026;Videojuego;Just Dance 2027 Edition (Leak);;
Oasis;(Get Off Your) High Horse Lady;2008;Serie;One Tree Hill;S6E12;You Have to be Joking (Autopsy of the Devil's Brain)
Oasis;Acquiesce;2016;Pelicula;Supersonic;;
Oasis;Acquiesce;2015;Serie;My Mad Fat Diary;S3E2;Rewind
Oasis;Acquiesce;2007;Serie;Jericho;S1E12;The Day Before
Oasis;All Around The World;2016;Película;Supersonic;;
Oasis;All Around The World;1998;Serie;Daria;S2E2;The Daria Hunter
Oasis;Bonehead's Bank Holiday (Demo);2016;Película;Supersonic;;
Oasis;Boy With the Blues;2009;Serie;NCIS;S6E22;Legend, Part 1
Oasis;Bring It On Down (Remastered);2016;Pelicula;Supersonic;;
Oasis;Cast No Shadow (Remastered);2006;Pelicula;Goal! The Dream Begins;;
Oasis;Cast No Shadow (Remastered);2014;Serie;My Mad Fat Diary;S2E3;Girls
Oasis;Champagne Supernova;2023;Serie;Twisted Metal;S1E1;WLUDRV
Oasis;Champagne Supernova;2017;Serie;iZombie;S3E5;Spanking the Zombie
Oasis;Champagne Supernova;2013;Serie;My Mad Fat Diary;S1E6;It's a Wonderful Rae (2)
Oasis;Champagne Supernova;2013;Serie;My Mad Fat Diary;S1E2;Touched
Oasis;Champagne Supernova;2013;Serie;My Mad Fat Diary;S1E1;Big Bad World
Oasis;Champagne Supernova;2007;Serie;Journeyman;S1E1;Pilot - A Love of a Lifetime
Oasis;Champagne Supernova;2010;Serie;Shameless (UK);S7E14;Secret Relations
Oasis;Champagne Supernova;2010;Serie;Skins (UK);S4E2;Emily
Oasis;Champagne Supernova (Remastered);2013;Serie;Southcliffe;S1E2;Lights Falls
Oasis;Cigarettes & Alcohol;2016;Pelicula;Supersonic;;
Oasis;Cigarettes & Alcohol;2016;Pelicula;The Brothers Grimsby;;
Oasis;Cigarettes & Alcohol;2013;Serie;My Mad Fat Diary;S1E1;Big Bad World
Oasis;Cigarettes & Alcohol;2021;Serie;Brassic;S3E3;Episode 3
Oasis;Columbia (Remastered);2016;Pelicula;Supersonic;;
Oasis;Columbia (Remastered);2013;Serie;My Mad Fat Diary;S1E3;Ladies and Gentlemen
Oasis;Digsy's Dinner (Remastered);2016;Pelicula;Supersonic;;
Oasis;Don't Go Away (Remastered);2005;Serie;Cold Case;S2E16;Revenge
Oasis;Don't Look Back In Anger;2026;Pelicula;Mike & Nick & Nick & Alice;;
Oasis;Don't Look Back In Anger;2021;Serie;Ted Lasso;S2E8;Man City
Oasis;Don't Look Back In Anger;2021;Pelicula;To All the Boys: Always and Forever, Lara Jean;;
Oasis;Don't Look Back In Anger;2020;Serie;Roswell, New Mexico;S2E4;What If God Was One of Us
Oasis;Don't Look Back In Anger;2018;Serie;Everything Sucks!;S1E1;Plutonium
Oasis;Don't Look Back In Anger;2017;Serie;Friends from College;S1E2;Connecticut House
Oasis;Don't Look Back In Anger;2015;Serie;Zoo;S1E4;Pack Mentality
Oasis;Don't Look Back In Anger;2011;Serie;Being Human;S1E13;A Funny Thing Happened on the Way to Me Killing You
Oasis;Don't Look Back In Anger;2007;Serie;Chuck;S1E7;Chuck Versus the Alma Mater
Oasis;Don't Look Back In Anger;2004;Serie;Cold Case;S1E11;Hubris
Oasis;Don't Look Back In Anger;2020;Pelicula;All My Life;;
Oasis;Don't Look Back In Anger;2017;Serie;The Story of Diana;S1E2;Part 2 of 2
Oasis;Don't Look Back in Anger (Remastered);2020;Serie;Schooled;S2E17;Garden Party
Oasis;F****n' in the Bushes;2021;Serie;Love Island (UK);S7E19;Episode 19
Oasis;F****n' in the Bushes;2001;Pelicula;Snatch;;
Oasis;F****n' in the Bushes;2017;Serie;Ex on the Beach (UK);S7E5;Episode 5
Oasis;F****n' in the Bushes;2016;Serie;Top Gear (UK);S23E1;Episode 1
Oasis;F****n' in the Bushes;2008;Serie;Top Gear (UK);S12E4;Economy Run
Oasis;Falling Down;2008;Serie;CSI: NY;S5E6;Enough
Oasis;Fuckin' In The Bushes;2010;Serie;Top Gear (UK);S15E3;Season 15, Episode 3
Oasis;Fuckin' In The Bushes;2008;Serie;South Park;S12E9;Breast Cancer Show Ever
Oasis;Go Let It Out;2021;Serie;Countdown: Inspiration4 Mission to Space;S1E1;Episode 1
Oasis;Go Let It Out;2000;Serie;Daria;S4E7;Of Human Bonding
Oasis;Half The World Away;2001;Serie;Spaced;S2E7;Leaves
Oasis;Hello (Remastered);2013;Serie;Elementary;S2E1;Step Nine
Oasis;Hello (Remastered);2013;Serie;My Mad Fat Diary;S1E4;Don't Ever Tell Anyone Anything!
Oasis;It's Better People (Remastered);2016;Pelicula;Supersonic;;
Oasis;Let There Be Love;2007;Serie;Cold Case;S4E22;Cargo
Oasis;Let There Be Love;2006;Serie;Waterloo Road;S1E8;Episode 8
Oasis;Listen Up;2001;Serie;Daria;S5E7;Art Burn
Oasis;Little By Little;2006;Serie;Cold Case;S4E2;The War at Home
Oasis;Live Forever;2021;Pelicula;Fear Street Part Three: 1666;;
Oasis;Live Forever;2013;Serie;My Mad Fat Diary;S1E5;It's a Wonderful Rae (1)
Oasis;Live Forever;2019;Serie;This Is Us;S3E14;The Graduates
Oasis;Lyla;2006;Serie;Shameless (UK);S3E7;Act Your Age
Oasis;Morning Glory (Remastered);2016;Película;Supersonic;;
Oasis;Morning Glory (Remastered);2013;Serie;My Mad Fat Diary;S1E3;Ladies and Gentlemen
Oasis;Morning Glory (Remastered);2006;Película;Goal! The Dream Begins;;
Oasis;Morning Glory (Remastered);2011;Serie;Shameless (UK);S8E3;Where's Frank?
Oasis;Part of the Queue;2006;Serie;Waterloo Road;S1E6;Episode 6
Oasis;Rock 'n' Roll Star (Remastered);2021;Serie;This Is Pop;S1E2;Hail Britpop!
Oasis;Rock 'n' Roll Star (Remastered);2019;Serie;The Good Doctor;S2E12;Aftermath
Oasis;Roll with It;2020;Serie;Britain's Got Talent;S14E7;Auditions 7
Oasis;Roll with It;2012;Serie;Shameless (UK);S9E1;The End of an Era (1)
Oasis;Round Are Way;2003;Pelicula;Camp;;
Oasis;Round Are Way;1997;Pelicula;A Life Less Ordinary;;
Oasis;Shakermaker;2016;Pelicula;Supersonic;;
Oasis;She's Electric;2012;Serie;Shameless (UK);S10E10;One Year On
Oasis;She's Electric (Remastered);2014;Serie;My Mad Fat Diary;S2E1;Alarm!
Oasis;She's Electric (Remastered);2016;Serie;People Just Do Nothing;S3E4;New Friends
Oasis;Some Might Say;2012;Serie;Shameless (UK);S9E4;Vendetta
Oasis;Stay Young;1998;Pelicula;The Faculty;;
Oasis;Stay Young - Remastered;2025;Serie;The Bear;S4E6;Sophie
Oasis;Stop Crying Your Heart Out;2008;Pelicula;Made of Honor;;
Oasis;Stop Crying Your Heart Out;2004;Pelicula;The Butterfly Effect;;
Oasis;Stop Crying Your Heart Out;2002;Serie;Smallville;S2E4;Red
Oasis;Stop Crying Your Heart Out;2019;Serie;Cold Feet;S8E6;Episode 6
Oasis;Stop Crying Your Heart Out;2002;Serie;Birds of Prey;S1E1;Pilot
Oasis;Supersonic;2003;Serie;CSI: Crime Scene Investigation;S3E20;Last Laugh
Oasis;Supersonic;2014;Serie;My Mad Fat Diary;S2E4;Friday
Oasis;Supersonic;2023;Serie;Beckham;S1E4;What Makes David Run
Oasis;Talk Tonight;2016;Pelicula;Supersonic;;
Oasis;The Importance Of Being Idle;2006;Serie;Shameless (UK);S3E6;In with the Maguire's
Oasis;The Masterplan;2003;Serie;CSI: Miami;S2E2;Dead Zone
Oasis;The Masterplan;2022;Serie;Red Rose;S1E8;The Gardener
Oasis;The Masterplan;2010;Serie;Skins (UK);S4E2;Emily
Oasis;The Nature Of Reality;2009;Serie;One Tree Hill;S6E15;We Change, We Wait
Oasis;The Shock Of The Lightning;2008;Serie;The Hills;S4E8;Don't Act Innocent
Oasis;The Shock Of The Lightning;2009;Serie;Top Gear (UK);S13E1;Train, Jaguar, and Motorbike Race
Oasis;The Turning;2009;Serie;Waterloo Road;S4E13;Episode 13
Oasis;Up in the Sky (Remastered);2016;Pelicula;Supersonic;;
Oasis;Who Feels Love?;2001;Serie;Daria;S5E13;Boxing Daria
Oasis;Who Put The Weight Of The World On My Shoulders?;2006;Pelicula;Goal! The Dream Begins;;
Oasis;Wonderwall;2021;Serie;This Is Pop;S1E2;Hail Britpop!
Oasis;Wonderwall;2020;Serie;Roswell, New Mexico;S2E2;Ladies and Gentlemen We Are Floating in Space
Oasis;Wonderwall;2013;Serie;Misfits (UK);S5E1;Series 5, Episode 1
Oasis;Wonderwall;2013;Serie;Girls;S2E4;It's a Shame About Ray
Oasis;Wonderwall;2007;Serie;Lost;S3E8;Flashes Before Your Eyes
Oasis;Wonderwall;2006;Serie;Nip/Tuck;S4E3;Monica Wilder
Oasis;Wonderwall;2019;Serie;Schooled;S1E3;Tamagotchis and Bells
Oasis;Wonderwall;2014;Serie;My Mad Fat Diary;S2E7;Glue
Oasis;Wonderwall;2007;Serie;Lost;S3E21;Greatest Hits
Oasis;Wonderwall;2020;Serie;Ted Lasso;S1E7;Make Rebecca Great Again
Oasis;Wonderwall;2024;Serie;Time Bandits;S1E8;Home Again
Oasis;Wonderwall;2024;Serie;Élite;S8E8;Fin de curso
Oasis;Wonderwall;2024;Serie;Saturday Night Live;S49E14;Josh Brolin / Ariana Grande
Oasis;Wonderwall;2025;Serie;Yellowjackets;S3E8;A Normal, Boring Life
Oasis;Wonderwall;2019;Serie;The Tonight Show Starring Jimmy Fallon;S2019E28;Steve Martin, Martin Short, Tim Tebow, Avril Lavigne
Oasis;Wonderwall;2018;Serie;Everything Sucks!;S1E2;Maybe You're Gonna Be the One That Saves Me
Oasis;Wonderwall;2017;Serie;The Nineties;S1E7;Isn't it Ironic?
Oasis;Wonderwall;2016;Serie;Frequency;S1E1;Pilot
Oasis;Wonderwall;2017;Serie;The Tonight Show Starring Jimmy Fallon;S2017E103;Pharrell Williams, Chris Colfer, Vince Staples
Oasis;Wonderwall;2014;Pelicula;Mommy;;
Oasis;Wonderwall;2011;Serie;Enlightened;S1E1;Pilot
Oasis;Wonderwall;2010;Serie;Ashes to Ashes;S3E8;Episode 8
Gorillaz;19/2000 (Soulchild Remix);2001;Videojuego;FIFA Football 2002;;
Gorillaz;19/2000;2001;Videojuego;Project Gotham Racing;;
Gorillaz;Clint Eastwood (ft. Del the Funky Homosapien);2001;Videojuego;MTV Music Generator 2;;
Gorillaz;Dub Dumb (ft. Sweetie Irie);2001;Videojuego;MTV Music Generator 2;;
Gorillaz;Clint Eastwood (ft. Del the Funky Homosapien);2003;Videojuego;Amplitude (Beta);;
Gorillaz;DARE;2006;Videojuego;Dance Dance Revolution SuperNOVA (Beta);;
Gorillaz;Feel Good Inc. (ft. De La Soul);2007;Videojuego;SingStar Pop;;
Gorillaz;Feel Good Inc. (ft. De La Soul);2008;Videojuego;Lumines Supernova (scrapped song);;
Gorillaz;Feel Good Inc. (ft. De La Soul);2008;Videojuego;Scratch: The Ultimate DJ;;
Gorillaz;Feel Good Inc. (ft. De La Soul);2008;Videojuego;Battle of the Bands;;
Gorillaz;Feel Good Inc. (ft. De La Soul);2009;Videojuego;Dance Dance Revolution Hottest Party 3;;
Gorillaz;Feel Good Inc. (ft. De La Soul);2009;Videojuego;DJ Hero;;
Gorillaz;DARE;2009;Videojuego;DJ Hero (DLC);;
Gorillaz;Feel Good Inc. (ft. De La Soul);2009;Videojuego;Guitar Hero 5;;
Gorillaz;DARE;2009;Videojuego;Just Dance;;
Gorillaz;Clint Eastwood (ft. Del the Funky Homosapien);2009;Videojuego;Rock Band 2 (DLC);;
Gorillaz;Feel Good Inc. (ft. De La Soul);2009;Videojuego;Rock Band 2 (DLC);;
Gorillaz;Re-Hash;2009;Videojuego;Rock Band 2 (DLC);;
Gorillaz;Plastic Beach (ft. Paul Simonon & Mick Jones);2010;Videojuego;Dance Dance Revolution 2010;;
Gorillaz;Stylo (ft. Bobby Womack and Mos Def);2010;Videojuego;DJ Hero 2;;
Gorillaz;Rhinestone Eyes;2010;Videojuego;FIFA 11;;
Gorillaz;19/2000;2010;Videojuego;SingStar (DLC);;
Gorillaz;DARE;2010;Videojuego;SingStar (DLC);;
Gorillaz;Dirty Harry;2010;Videojuego;SingStar (DLC);;
Gorillaz;Feel Good Inc. (ft. De La Soul);2010;Videojuego;SingStar (DLC);;
Gorillaz;Stylo (ft. Bobby Womack and Mos Def);2012;Videojuego;NBA Baller Beats;;
Gorillaz;DARE;2012;Videojuego;Just Dance 3 (DLC);;
Gorillaz;DARE;2012;Videojuego;Just Dance: Greatest Hits;;
Gorillaz;Clint Eastwood (ft. Del the Funky Homosapien);2013;Videojuego;NBA 2K14;;
Gorillaz;Feel Good Inc. (ft. De La Soul);2014;Videojuego;Fantasia: Music Evolved;;
Gorillaz;Left Hand Suzuki Method;2014;Videojuego;FIFA 15 (Demo);;
Gorillaz;Feel Good Inc. (ft. De La Soul);2014;Videojuego;Grand Theft Auto V (re-release);;
Gorillaz;Let Me Out (ft. Pusha T and Mavis Staples);2017;Videojuego;NBA Live 18;;
Gorillaz;Ascension (ft. Vince Staples);2017;Videojuego;Need for Speed: Payback;;
Gorillaz;Sorcererz;2018;Videojuego;FIFA 19;;
Gorillaz;On Melancholy Hill;2018;Videojuego;Life is Strange 2;;
Gorillaz;Feel Good Inc. (ft. De La Soul);2020;Videojuego;Watch Dogs: Legion;;
Gorillaz;The Valley of the Pagans (ft. Beck);2021;Videojuego;MLB The Show 21;;
Gorillaz;The Valley of the Pagans (ft. Beck);2021;Videojuego;Forza Horizon 5;;
Gorillaz;Feel Good Inc. (ft. De La Soul);2021;Videojuego;Beatstar;;
Gorillaz;DARE;2022;Videojuego;Beatstar;;
Gorillaz;Baby Queen;2022;Videojuego;FIFA 23;;
Gorillaz;Silent Running (ft. Adeleye Omotayo);2023;Videojuego;Fortnite - Icon Radio (Coachella 2023);;
Gorillaz;Feel Good Inc. (ft. De La Soul);2023;Videojuego;Synth Riders (DLC);;
Gorillaz;Clint Eastwood (ft. Del the Funky Homosapien);2023;Videojuego;Synth Riders (DLC);;
Gorillaz;New Gold (ft. Tame Impala & Bootie Brown);2023;Videojuego;Synth Riders (DLC);;
Gorillaz;DARE;2023;Videojuego;Synth Riders (DLC);;
Gorillaz;On Melancholy Hill;2023;Videojuego;Synth Riders (DLC);;
Gorillaz;Cracker Island (ft. Thundercat);2023;Videojuego;Synth Riders (DLC);;
Gorillaz;Sleeping Powder;2023;Videojuego;Synth Riders (DLC);;
Gorillaz;Feel Good Inc. (ft. De La Soul);2023;Videojuego;Metal: Hellsinger (The Essential Hits DLC);;
Gorillaz;Feel Good Inc. (ft. De La Soul);2024;Videojuego;Fortnite Festival;;
Gorillaz;Feel Good Inc. (ft. De La Soul);2024;Videojuego;Pop Beat;;
Gorillaz;Clint Eastwood (ft. Del the Funky Homosapien);2024;Videojuego;Suicide Squad: Kill the Justice League (trailer);;
Gorillaz;DARE;2025;Videojuego;Fortnite Festival;;
Gorillaz;Clint Eastwood (ft. Del the Funky Homosapien);2025;Videojuego;Fortnite Festival;;
Gorillaz;On Melancholy Hill;2025;Videojuego;Fortnite Festival;;
Gorillaz;DARE;2025;Videojuego;Fortnite (Emote);;
Gorillaz;Superfast Jellyfish (feat. De La Soul & Gruff Rhys);2025;Videojuego;Fortnite (Emote);;
Gorillaz;Feel Good Inc. (ft. De La Soul);2026;Videojuego;Just Dance: Decades of Hits;;
Gorillaz;19-2000;2008;Pelicula;Cloverfield;;
Gorillaz;19-2000;2003;Pelicula;How to Lose a Guy in 10 Days;;
Gorillaz;19-2000;2001;Serie;Smallville;S1E3;Hothead
Gorillaz;19-2000 (Soulchild Remix);2010;Serie;Strike Back;S1E1;Iraq - Part 1
Gorillaz;5/4;2001;Serie;Smallville;S1E6;Hourglass
Gorillaz;Bobby In Phoenix (feat. Bobby Womack);2022;Serie;Hard Knocks in Season;S2E6;The Arizona Cardinals #6
Gorillaz;Busted and Blue;2019;Serie;Brassic;S1E4;Episode 4
Gorillaz;Clint Eastwood;2023;Serie;For All Mankind;S4E2;Have a Nice Sol
Gorillaz;Clint Eastwood;2021;Serie;The Challenge: All Stars;S1E8;Mo Money Mo Problems
Gorillaz;Clint Eastwood;2016;Pelicula;Trolls;;
Gorillaz;Clint Eastwood;2015;Serie;Scorpion;S1E18;Once Bitten, Twice Die
Gorillaz;Clint Eastwood;2010;Pelicula;Fair Game;;
Gorillaz;Clint Eastwood;2007;Serie;Cold Case;S5E6;Wunderkind
Gorillaz;Clint Eastwood;2001;Serie;Smallville;S1E3;Hothead
Gorillaz;Clint Eastwood;2001;Serie;Angel;S3E6;Billy
Gorillaz;Clint Eastwood;2023;Serie;Pantheon;S2E6;Apokalypsis
Gorillaz;Clint Eastwood;2006;Serie;Shameless (UK);S3E2;Dark Friends
Gorillaz;Clint Eastwood;2001;Serie;Dark Angel;S2E5;Boo
Gorillaz;Clint Eastwood;2001;Serie;Daria;S5E12;My Night at Daria's
Gorillaz;Clint Eastwood;2012;Serie;Bad Education;S1E2;Sex Education
Gorillaz;Clint Eastwood;2025;Serie;Twisted Metal;S2E1;PRSRPNT
Gorillaz;Clint Eastwood;2026;Serie;Saturday Night Live;S51E14;Ryan Gosling / Gorillaz
Gorillaz;Cracker Island (feat. Thundercat);2023;Serie;Platonic;S1E8;San Diego
Gorillaz;Dare;2021;Serie;Outer Banks;S2E7;The Bonfire
Gorillaz;Dare;2021;Serie;At Home Motivation;;
Gorillaz;Dare;2018;Serie;Love Island (UK);S4E6;Episode 6 - The Weekly Hot List
Gorillaz;Dare;2011;Serie;Misfits (UK);S3E6;Series 3, Episode 6
Gorillaz;Dare;2005;Serie;Entourage;S2E2;My Maserati Does 185
Gorillaz;Dare;2023;Serie;American Auto;S2E5;Going Green
Gorillaz;Dare;2023;Serie;Love Island (UK);S9E13;Episode 13
Gorillaz;Dare;2020;Serie;Love Island (UK);S6E5;Episode 5
Gorillaz;Dare;2007;Pelicula;Nancy Drew;;
Gorillaz;Dare;2007;Serie;Studio 60 on the Sunset Strip;S1E12;Monday
Gorillaz;Dare;2007;Serie;Shameless (UK);S4E1;New Beginnings
Gorillaz;Dare;2006;Serie;Waterloo Road;S1E1;Episode 1
Gorillaz;Dare;2006;Serie;Shameless (UK);S3E7;Act Your Age
Gorillaz;Dirty Harry;2021;Pelicula;Dear Rider: The Jake Burton Story;;
Gorillaz;Dirty Harry;2006;Serie;Entourage;S3E6;Three's Company
Gorillaz;Dirty Harry (Schtung Chinese New Year Remix);2010;Pelicula;The Karate Kid;;
Gorillaz;El Mañana;2005;Serie;The OC;S2E24;The Dearly Beloved
Gorillaz;El Mañana;2006;Serie;Top Gear (UK);S8E3;Amphibious Cars
Gorillaz;Feel Good Inc;2026;Serie;Tell Me Lies;S3E3;Repent
Gorillaz;Feel Good Inc;2006;Serie;Six Degrees;S1 | E1;Pilot
Gorillaz;Feel Good Inc.;2006;Serie;Entourage;S3 | E3;Dominated
Gorillaz;Feel Good Inc.;2008;Serie;Torchwood (UK);S2 | E6;Reset (1)
Gorillaz;Feel Good Inc.;2022;Serie;The Afterparty;S1 | E6;Zoë
Gorillaz;Feel Good Inc.;2022;Serie;The Afterparty;S1 | E1;Aniq
Gorillaz;Feel Good Inc.;2022;Serie;The Afterparty;S1E2;Brett
Gorillaz;Feel Good Inc.;2021;Pelicula;The White Tiger;;
Gorillaz;Feel Good Inc.;2019;Serie;Looking for Alaska;S1 | E2;Tell Them I Said Something...
Gorillaz;Feel Good Inc.;2015;Pelicula;The Big Short;;
Gorillaz;Feel Good Inc.;2006;Serie;House, M.D.;S3 | E1;Meaning
Gorillaz;Feel Good Inc.;2007;Pelicula;Perfect Stranger;;
Gorillaz;Feel Good Inc.;2007;Serie;Shameless (UK);S4 | E3;You Decide
Gorillaz;Feel Good Inc.;2006;Serie;Sugar Rush;S2 | E1;Episode 1
Gorillaz;Feel Good Inc.;2005;Serie;Las Vegas;S3 | E6;The Real McCoy
Gorillaz;Feel Good Inc.;2006;Serie;House, M.D.;S3 | E1;Meaning
Gorillaz;Hong Kong;2008;Serie;Top Gear (UK);S12 | E8;Vietnam Special
Gorillaz;Kids with Guns;2007;Serie;Waterloo Road;S2 | E9;Episode 9
Gorillaz;Kids With Guns;2010;Serie;Top Gear (UK);S15 | E1;Season 15, Episode 1
Gorillaz;Kids With Guns;2005;Serie;The OC;S2 | E21;The Return of the Nana
Gorillaz;New Gold (feat. Tame Impala and Bootie Brown);2023;Serie;The Summer I Turned Pretty;S2 | E6;Love Fest
Gorillaz;On Melancholy Hill;2019;Serie;Cold Feet;S8 | E5;Episode 5
Gorillaz;On Melancholy Hill;2022;Serie;Brassic;S4 | E7;An Unexpected Guest
Gorillaz;On Melancholy Hill (Feed Me Remix);2010;Serie;The Vampire Diaries;S2 | E7;Masquerade
Gorillaz;Plastic Beach (feat. Mick Jones and Paul Simonon);2010;Serie;Top Gear (UK);S15 | E3;Season 15, Episode 3
Gorillaz;Saturnz Barz (feat. Popcaan);2020;Serie;Double Shot at Love;S2 | E11;The L-Word
Gorillaz;Saturnz Barz (feat. Popcaan);2020;Serie;Jersey Shore: Family Vacation;S3 | E29;The Speech, Pt. 2
Gorillaz;Stylo (iTunes Session);2010;Serie;Waterloo Road;S6 | E6;Episode 6
Gorillaz;Superfast Jellyfish (feat. Gruff Rhys and De La Soul);2010;Serie;Top Gear (UK);S15E2;Season 15, Episode 2
Gorillaz;The Moon Cave (feat. Asha Puthli, Bobby Womack, David Jolicoeur, Jalen Ngonda & Black Thought);2026;Serie;Saturday Night Live;S51E14;Ryan Gosling / Gorillaz
Gorillaz;Tranz;2018;Serie;wtFOCK (aka Skam Belgium);S1E3;We're the Biggest Loser's of the School
Beady Eye;Four Letter Word;2011;Videojuego;F1 2011;;
Beady Eye;Standing on the Edge of the Noise;2011;Videojuego;NHL 12;;
Beady Eye;Dreaming of Some Space;2013;Serie;Elementary;S1E23;The Woman
Beady Eye;Face The Crowd;2013;Serie;Top Gear (UK);S20E2;
Beady Eye;Flick Of The Finger;2015;Serie;Top Gear (UK);S22E3;
Beady Eye;Second Bite Of The Apple;2013;Serie;Top Gear (UK);S20E1;
Beady Eye;Start Anew;2013;Serie;Elementary;S1|E24;Heroine
Beady Eye;Start Anew;2013;Serie;Elementary;S1|E23;The Woman
The Good, the Bad & the Queen;Green Fields (feat. James Dring);2008;Serie;Skins (UK);S2|E6;Tony
Liam Gallagher;Everything´s Electric ;2022;Serie;NCIS: Hawaii;S1|E14;Broken
Liam Gallagher;Shockwave;2019;Serie;Are You Afraid of the Dark?0;S1|E1;Part One: Submitted for Approval
Noel Gallagher's High Flying Birds;AKA… What A Life!;2015;Serie;Top Gear (UK);S22|E2;
Noel Gallagher's High Flying Birds;Dead To The World;2024;Serie;The Umbrella Academy;S4|E6;End of the Beginning
Noel Gallagher's High Flying Birds;Everybody´s On The Run ;2012;Serie;Beauty and the Beast;S1|E4;Basic Instinct
Noel Gallagher's High Flying Birds;If I Had A Gun…;2012;Serie;One Tree Hill;S9|E7;Last Known Surroundings
Noel Gallagher's High Flying Birds;In The Heat Of The Moment;2019;Serie;The Umbrella Academy;S1|E5;Number Five
Noel Gallagher's High Flying Birds;In The Heat Of The Moment (Toydrum Remix);2017;Serie;Top Gear (UK);S24|E4;
Noel Gallagher's High Flying Birds;Let The Lord Shine A Light On Me;2013;Serie;Top Gear (UK);S19|E4;
Noel Gallagher's High Flying Birds;Let The Lord Shine A Light On Me;2012;Serie;Top Gear (UK);S18|E6;
Noel Gallagher's High Flying Birds;Sail On;2020;Serie;Trying;S1|E7;Good Old Family Map
Noel Gallagher's High Flying Birds;The Man Who Built the Moon;2019;Serie;The InBetween;S1|E1;Pilot
Noel Gallagher;But What If;2016;Pelicula;Supersonic;;
Noel Gallagher;Teotihuacan;1998;Pelicula;The X Files;;
Damon Albarn;Closet Romantic;1996;Pelicula;Trainspotting;;
Damon Albarn;Heavy Seas of Love;2015;Serie;Banana;S1|E7;
Damon Albarn;Sister Rust;2014;Pelicula;Lucy;;
